title, url, img, ingredient
"Balsamic Roasted Vegetables","https://www.budgetbytes.com/balsamic-roasted-vegetables/","https://www.budgetbytes.com/wp-content/uploads/2019/10/Balsamic-Roasted-Vegetables-close-347x260.jpg","olive oil"
"Cranberry Cream Cheese Dip","https://www.budgetbytes.com/cranberry-cream-cheese-dip/","https://www.budgetbytes.com/wp-content/uploads/2019/10/Cranberry-Cream-Cheese-Dip-overhead-2-347x260.jpg","fresh cranberries"
"Balsamic Chicken and Mushrooms","https://www.budgetbytes.com/balsamic-chicken-and-mushrooms/","https://www.budgetbytes.com/wp-content/uploads/2019/10/Balsamic-Chicken-and-Mushrooms-plate-347x260.jpg","balsamic vinegar"
"Classic Baked Ziti","https://www.budgetbytes.com/classic-baked-ziti/","https://www.budgetbytes.com/wp-content/uploads/2019/10/Baked-Ziti-mixed-scoop-347x260.jpg","Italian sausage (sweet, mild, or hot)"
"Secret Ingredient Tomato Soup","https://www.budgetbytes.com/secret-ingredient-tomato-soup/","https://www.budgetbytes.com/wp-content/uploads/2019/10/Secret-Ingredient-Tomato-Soup-Multiple-Bowls-347x260.jpg","olive oil"
"Sweet Potato Biscuits","https://www.budgetbytes.com/sweet-potato-biscuits/","https://www.budgetbytes.com/wp-content/uploads/2011/11/Sweet-Potato-Biscuits-eat-347x260.jpg","sweet potato"
"One Pot Creamy Pesto Chicken Pasta","https://www.budgetbytes.com/one-pot-creamy-pesto-chicken-pasta/","https://www.budgetbytes.com/wp-content/uploads/2019/10/Creamy-Pesto-Chicken-Pasta-close-skillet-347x260.jpg","boneless, skinless chicken breast"
"Easy Pumpkin Soup","https://www.budgetbytes.com/easy-pumpkin-soup/","https://www.budgetbytes.com/wp-content/uploads/2009/10/Easy-Pumpking-Soup-trio-347x260.jpg","butter "
"Small Batch Crunchy Candied Walnuts","https://www.budgetbytes.com/small-batch-crunchy-candied-walnuts/","https://www.budgetbytes.com/wp-content/uploads/2019/09/Candied-Walnuts-above-347x260.jpg","butter"
"Easy Homemade Balsamic Vinaigrette","https://www.budgetbytes.com/easy-homemade-balsamic-vinaigrette/","https://www.budgetbytes.com/wp-content/uploads/2019/09/Easy-Homemade-Balsamic-Vinaigrette-spoon-front-347x260.jpg","olive oil"
"Autumn Kale and Apple Salad","https://www.budgetbytes.com/autumn-kale-and-apple-salad/","https://www.budgetbytes.com/wp-content/uploads/2019/09/Autumn-Kale-and-Apple-Salad-347x260.jpg","olive oil"
"Vegan Creamy Mushroom Ramen","https://www.budgetbytes.com/vegan-creamy-mushroom-ramen/","https://www.budgetbytes.com/wp-content/uploads/2019/09/Vegan-Creamy-Mushroom-Ramen-close-347x260.jpg","cooking oil"
"Roasted Asparagus and Tomatoes","https://www.budgetbytes.com/roasted-asparagus-and-tomatoes/","https://www.budgetbytes.com/wp-content/uploads/2019/09/Asparagus-Tomatoes-Garlic-Oil-347x260.jpg","grape tomatoes"
"Garlic Butter Baked Cod","https://www.budgetbytes.com/garlic-butter-baked-cod/","https://www.budgetbytes.com/wp-content/uploads/2019/09/Garlic-Butter-Baked-Cod-close-eat-347x260.jpg","butter (room temperature)"
"Easy Baked Homemade Croutons","https://www.budgetbytes.com/easy-baked-homemade-croutons/","https://www.budgetbytes.com/wp-content/uploads/2019/09/Homemade-Croutons-Salad-front-347x260.jpg","sturdy bread"
"Pesto Grilled Cheese with Sun Dried Tomatoes","https://www.budgetbytes.com/pesto-grilled-cheese-with-sun-dried-tomatoes/","https://www.budgetbytes.com/wp-content/uploads/2019/09/Pesto-Grilled-Cheese-pull-347x260.jpg","hearty bread"
"Homemade Kale Pesto","https://www.budgetbytes.com/homemade-kale-pesto/","https://www.budgetbytes.com/wp-content/uploads/2019/09/Kale-Pesto-front-347x260.jpg","torn kale leaves"
"Easy Rosemary Garlic White Bean Soup","https://www.budgetbytes.com/easy-rosemary-garlic-white-bean-soup/","https://www.budgetbytes.com/wp-content/uploads/2019/09/Rosemary-Garlic-White-Bean-Soup-three-bowls-347x260.jpg","olive oil"
"Maple Sage Breakfast Sausage","https://www.budgetbytes.com/maple-sage-breakfast-sausage/","https://www.budgetbytes.com/wp-content/uploads/2019/09/Maple-Sage-Breakfast-Sausage-Close-Up-347x260.jpg","ground turkey"
"Blueberry Lemon Curd Shortcakes","https://www.budgetbytes.com/blueberry-lemon-curd-shortcakes/","https://www.budgetbytes.com/wp-content/uploads/2019/09/Blueberry-Lemon-Curd-Shortcakes-close-347x260.jpg","all-purpose flour"
"Roasted Vegetable Salad Meal Prep","https://www.budgetbytes.com/roasted-vegetable-salad-meal-prep/","https://www.budgetbytes.com/wp-content/uploads/2019/08/Roasted-Vegetable-Salad-Meal-Prep-H-347x260.jpg","garlic powder"
"Chicken and Lime Soup","https://www.budgetbytes.com/chicken-lime-soup/","https://www.budgetbytes.com/wp-content/uploads/2012/10/Chicken-and-Lime-Soup-above-347x260.jpg","yellow onion"
"Crispy Potatoes with Lemon Dill Tahini Dressing","https://www.budgetbytes.com/crispy-potatoes-with-lemon-dill-tahini-dressing/","https://www.budgetbytes.com/wp-content/uploads/2019/08/Crispy-Potatoes-with-Lemon-Dill-Tahini-Dressing-close-347x260.jpg","baby potatoes*"
"Honey Mustard Broccoli Salad","https://www.budgetbytes.com/honey-mustard-broccoli-salad/","https://www.budgetbytes.com/wp-content/uploads/2019/08/Honey-Mustard-Broccoli-Salad-front-347x260.jpg","mayonnaise"
"King Ranch Chicken Casserole","https://www.budgetbytes.com/king-ranch-chicken-casserole/","https://www.budgetbytes.com/wp-content/uploads/2019/08/King-Ranch-Chicen-Casserole-plated-347x260.jpg","boneless, skinless chicken breast"
"Super Crunchy Oil Free Granola","https://www.budgetbytes.com/super-crunchy-oil-free-granola/","https://www.budgetbytes.com/wp-content/uploads/2019/08/Super-Crunchy-Oil-Free-Granola-wooden-spoon-347x260.jpg","aquafaba "
"Simple Sweet and Sour Sauce","https://www.budgetbytes.com/simple-sweet-and-sour-sauce/","https://www.budgetbytes.com/wp-content/uploads/2019/08/Simple-Sweet-and-Sour-Sauce-Dumping-Dip-347x260.jpg","brown sugar"
"Sweet and Sour Pork Chops with Vegetables","https://www.budgetbytes.com/sweet-and-sour-pork-chops-with-vegetables/","https://www.budgetbytes.com/wp-content/uploads/2019/08/Sweet-and-Sour-Pork-Chops-with-Vegetables-close-347x260.jpg","brown sugar"
"Lemon Dill Salmon and Kale Salad","https://www.budgetbytes.com/lemon-dill-salmon-and-kale-salad/","https://www.budgetbytes.com/wp-content/uploads/2019/08/Lemon-Dill-Salmon-and-Kale-Salad-eat-close-347x260.jpg","garlic powder"
"Lemon Dill Tahini Dressing","https://www.budgetbytes.com/lemon-dill-tahini-dressing/","https://www.budgetbytes.com/wp-content/uploads/2019/08/Lemon-Dill-Tahini-Dressing-drip-347x260.jpg","garlic powder"
"No Churn Balsamic Peach Ice Cream","https://www.budgetbytes.com/no-churn-balsamic-peach-ice-cream/","https://www.budgetbytes.com/wp-content/uploads/2019/08/No-Churn-Balsamic-Peach-Ice-Cream-one-bowl-347x260.jpg","butter"
"Baked Pizza Chicken","https://www.budgetbytes.com/baked-pizza-chicken/","https://www.budgetbytes.com/wp-content/uploads/2019/07/Baked-Pizza-Chicken-bite-347x260.jpg","Italian seasoning blend"
"Sweet and Spicy Tuna Salad","https://www.budgetbytes.com/sweet-and-spicy-tuna-salad/","https://www.budgetbytes.com/wp-content/uploads/2019/07/Sweet-and-Spicy-Tuna-Salad-platter-347x260.jpg","tuna*"
"Lemony Artichoke and Quinoa Salad","https://www.budgetbytes.com/lemony-artichoke-and-quinoa-salad/","https://www.budgetbytes.com/wp-content/uploads/2019/07/Add-Lemon-Garlic-Dressing-347x260.jpg","quinoa"
"Soy Glazed Eggplant","https://www.budgetbytes.com/soy-glazed-eggplant/","https://www.budgetbytes.com/wp-content/uploads/2019/07/Soy-Glazed-Eggplant-side-skillet-347x260.jpg","eggplant (5-6 cups cubed)"
"Creamy Coconut Curry Lentils with Spinach","https://www.budgetbytes.com/creamy-coconut-curry-lentils-with-spinach/","https://www.budgetbytes.com/wp-content/uploads/2019/07/Creamy-Coconut-Curry-Lentils-with-Spinach-dip-naan-347x260.jpg","olive oil"
"Charred Corn and Zucchini Salad","https://www.budgetbytes.com/charred-corn-and-zucchini-salad/","https://www.budgetbytes.com/wp-content/uploads/2019/07/Charred-Corn-and-Zucchini-Salad-plate-and-bowl-347x260.jpg","high heat oil*"
"Tomato Mozzarella Pasta Salad with Balsamic Vinaigrette","https://www.budgetbytes.com/tomato-mozzarella-pasta-salad/","https://www.budgetbytes.com/wp-content/uploads/2019/06/Add-Parmesan-Balsamic-Vinaigrette-to-Tomato-Mozzarella-Pasta-Salad-347x260.jpg","bowtie pasta"
"Cucumber Mango Salad","https://www.budgetbytes.com/cucumber-mango-salad/","https://www.budgetbytes.com/wp-content/uploads/2011/02/Cucumber-Mango-Salad-bite-347x260.jpg","mango "
"Homemade BBQ Sauce (no ketchup)","https://www.budgetbytes.com/homemade-bbq-sauce/","https://www.budgetbytes.com/wp-content/uploads/2019/06/Homemade-BBQ-Sauce-sliced-chicken-347x260.jpg","tomato sauce"
"BBQ Beef and Beans","https://www.budgetbytes.com/bbq-beef-and-beans/","https://www.budgetbytes.com/wp-content/uploads/2019/06/BBQ-Beef-and-Beans-eat-347x260.jpg","cooking oil"
"Baked Spicy Chicken Sandwiches and My Stonyfield Organic Experience","https://www.budgetbytes.com/baked-spicy-chicken-sandwiches/","https://www.budgetbytes.com/wp-content/uploads/2019/06/Baked-Spicy-Chicken-Sandwiches-duo-side-347x260.jpg","breadcrumbs "
"Baked Sweet Potato Fries with Peanut Lime Dressing","https://www.budgetbytes.com/baked-sweet-potato-fries-with-peanut-lime-dressing/","https://www.budgetbytes.com/wp-content/uploads/2019/06/Finished-Baked-Sweet-Potato-Fries-with-Peanut-Lime-Dressing-347x260.jpg","natural style peanut butter"
"Chimichurri Chicken Kebabs","https://www.budgetbytes.com/chimichurri-chicken-kebabs/","https://www.budgetbytes.com/wp-content/uploads/2019/06/Chimichurri-Chicken-Kebabs-eat-347x260.jpg","Italian parsley, packed"
"Cold Peanut Noodle Salad","https://www.budgetbytes.com/cold-peanut-noodle-salad/","https://www.budgetbytes.com/wp-content/uploads/2019/06/Portion-Cold-Peanut-Noodle-Salad-347x260.jpg","natural-style peanut butter"
"Peanut Lime Dressing","https://www.budgetbytes.com/peanut-lime-dressing/","https://www.budgetbytes.com/wp-content/uploads/2013/11/Peanut-Lime-Dressing-overhead-in-bowl-347x260.jpg","natural-style peanut butter"
"Lemon Berry Yogurt Breakfast Bowls","https://www.budgetbytes.com/lemon-berry-yogurt-breakfast-bowls/","https://www.budgetbytes.com/wp-content/uploads/2019/06/Lemon-Berry-Yogurt-Breakfast-Bowls-stirred-347x260.jpg","yogurt"
"Luscious Homemade Lemon Curd","https://www.budgetbytes.com/luscious-homemade-lemon-curd/","https://www.budgetbytes.com/wp-content/uploads/2019/05/Homemade-Lemon-Curd-jar-347x260.jpg","sugar"
